id,focus,signal,slack,drag,confidence,score,lane,kind,invariant
g001,trust boundary,67,22,13,97,210,ship,baseline,monotonic-signal
g002,claim drift,99,55,11,24,277,ship,edge,drag-penalty
g003,replay exposure,31,74,33,65,110,watch,recovery,confidence-floor
g004,policy width,44,16,45,103,-2,hold,negative,lane-boundary
g005,trust boundary,98,24,32,41,125,watch,baseline,monotonic-signal
g006,claim drift,41,66,6,100,284,ship,edge,drag-penalty
g007,replay exposure,60,19,15,48,131,watch,recovery,confidence-floor
g008,policy width,73,33,42,27,29,hold,negative,lane-boundary
g009,trust boundary,83,43,15,64,241,ship,baseline,monotonic-signal
g010,claim drift,91,15,45,87,74,hold,edge,drag-penalty
g011,replay exposure,55,74,20,103,261,ship,recovery,confidence-floor
g012,policy width,40,36,30,29,31,hold,negative,lane-boundary
g013,trust boundary,36,19,25,83,68,hold,baseline,monotonic-signal
g014,claim drift,82,48,35,28,113,watch,edge,drag-penalty
g015,replay exposure,108,65,21,48,289,ship,recovery,confidence-floor
g016,policy width,37,41,36,20,-4,hold,negative,lane-boundary
g017,trust boundary,93,32,24,96,226,ship,baseline,monotonic-signal
g018,claim drift,36,30,41,53,-20,hold,edge,drag-penalty
g019,replay exposure,55,66,30,79,171,watch,recovery,confidence-floor
g020,policy width,68,52,5,96,311,ship,negative,lane-boundary
g021,trust boundary,78,12,15,23,128,watch,baseline,monotonic-signal
g022,claim drift,43,30,21,64,105,watch,edge,drag-penalty
g023,replay exposure,117,76,5,102,463,ship,recovery,confidence-floor
g024,policy width,113,67,40,40,200,ship,negative,lane-boundary
g025,trust boundary,115,29,38,99,197,ship,baseline,monotonic-signal
g026,claim drift,31,13,18,47,45,hold,edge,drag-penalty
g027,replay exposure,37,43,30,26,36,hold,recovery,confidence-floor
g028,policy width,43,60,17,63,184,ship,negative,lane-boundary
g029,trust boundary,50,36,33,86,93,hold,baseline,monotonic-signal
g030,claim drift,101,27,42,102,148,watch,edge,drag-penalty
g031,replay exposure,42,60,27,28,97,hold,recovery,confidence-floor
g032,policy width,108,9,42,82,106,watch,negative,lane-boundary
g033,trust boundary,52,21,30,27,23,hold,baseline,monotonic-signal
g034,claim drift,72,29,5,47,224,ship,edge,drag-penalty
g035,replay exposure,85,71,15,105,342,ship,recovery,confidence-floor
g036,policy width,51,24,10,95,195,ship,negative,lane-boundary
g037,trust boundary,82,38,20,52,192,ship,baseline,monotonic-signal
g038,claim drift,101,48,6,78,346,ship,edge,drag-penalty
g039,replay exposure,114,20,21,95,258,ship,recovery,confidence-floor
g040,policy width,36,9,9,22,67,hold,negative,lane-boundary
g041,trust boundary,44,41,26,63,103,watch,baseline,monotonic-signal
g042,claim drift,96,24,15,101,266,ship,edge,drag-penalty
g043,replay exposure,81,53,32,39,147,watch,recovery,confidence-floor
g044,policy width,77,70,42,98,182,ship,negative,lane-boundary
g045,trust boundary,35,46,6,46,178,watch,baseline,monotonic-signal
g046,claim drift,61,37,32,25,61,hold,edge,drag-penalty
g047,replay exposure,78,35,25,62,163,watch,recovery,confidence-floor
g048,policy width,46,71,23,85,204,ship,negative,lane-boundary
g049,trust boundary,77,57,45,101,144,watch,baseline,monotonic-signal
g050,claim drift,96,17,15,27,178,watch,edge,drag-penalty
g051,replay exposure,109,35,44,81,149,watch,recovery,confidence-floor
g052,policy width,31,11,18,26,20,hold,negative,lane-boundary
g053,trust boundary,84,72,27,46,223,ship,baseline,monotonic-signal
g054,claim drift,70,34,12,104,252,ship,edge,drag-penalty
g055,replay exposure,66,18,27,94,127,watch,recovery,confidence-floor
g056,policy width,68,48,15,51,208,ship,negative,lane-boundary
g057,trust boundary,72,65,32,77,191,ship,baseline,monotonic-signal
g058,claim drift,78,41,42,94,122,watch,edge,drag-penalty
g059,replay exposure,84,32,37,21,68,hold,recovery,confidence-floor
g060,policy width,91,65,5,62,349,ship,negative,lane-boundary
g061,trust boundary,54,14,33,100,71,hold,baseline,monotonic-signal
g062,claim drift,83,26,6,38,226,ship,edge,drag-penalty
g063,replay exposure,61,34,36,97,107,watch,recovery,confidence-floor
g064,policy width,93,76,11,45,328,ship,negative,lane-boundary
g065,trust boundary,113,29,42,24,98,hold,baseline,monotonic-signal
g066,claim drift,38,43,17,61,138,watch,edge,drag-penalty
g067,replay exposure,92,53,27,84,239,ship,recovery,confidence-floor
g068,policy width,35,25,33,100,55,hold,negative,lane-boundary
g069,trust boundary,54,14,17,26,77,hold,baseline,monotonic-signal
g070,claim drift,67,46,10,80,256,ship,edge,drag-penalty
g071,replay exposure,77,29,8,25,197,ship,recovery,confidence-floor
g072,policy width,85,58,30,45,181,ship,negative,lane-boundary
g073,trust boundary,49,75,42,103,141,watch,baseline,monotonic-signal
g074,claim drift,34,51,29,93,118,watch,edge,drag-penalty
g075,replay exposure,30,42,45,50,-31,hold,recovery,confidence-floor
g076,policy width,76,40,12,76,248,ship,negative,lane-boundary
g077,trust boundary,102,76,39,93,254,ship,baseline,monotonic-signal
g078,claim drift,31,62,12,20,146,watch,edge,drag-penalty
g079,replay exposure,87,22,42,61,69,hold,recovery,confidence-floor
g080,policy width,30,40,17,99,154,watch,negative,lane-boundary
g081,trust boundary,49,16,27,37,32,hold,baseline,monotonic-signal
g082,claim drift,62,77,22,96,264,ship,edge,drag-penalty
g083,replay exposure,72,39,32,44,106,watch,recovery,confidence-floor
g084,policy width,37,23,18,23,53,hold,negative,lane-boundary
g085,trust boundary,111,53,33,60,223,ship,baseline,monotonic-signal
g086,claim drift,107,70,21,83,332,ship,edge,drag-penalty
g087,replay exposure,109,46,38,99,219,ship,recovery,confidence-floor
g088,policy width,113,37,27,25,190,ship,negative,lane-boundary
g089,trust boundary,31,70,44,79,61,hold,baseline,monotonic-signal
g090,claim drift,37,19,12,24,76,hold,edge,drag-penalty
g091,replay exposure,44,31,18,44,104,watch,recovery,confidence-floor
g092,policy width,95,39,44,102,150,watch,negative,lane-boundary
g093,trust boundary,36,11,37,92,1,hold,baseline,monotonic-signal
g094,claim drift,102,34,35,49,146,watch,edge,drag-penalty
g095,replay exposure,46,48,15,75,188,ship,recovery,confidence-floor
g096,policy width,66,58,27,92,205,ship,negative,lane-boundary
